"idAddress","Address","Adress2","District","PostalCode","Phone","City","Country"
222,"1168 Najafabad Parkway","","Kabol","40301","886649065861","Kabul","Afghanistan"
446,"1924 Shimonoseki Drive","","Batna","52625","406784385440","Batna","Algeria"
73,"1031 Daugavpils Parkway","","Bchar","59025","107137400143","Bchar","Algeria"
180,"757 Rustenburg Avenue","","Skikda","89668","506134035434","Skikda","Algeria"
325,"1892 Nabereznyje Telny Lane","","Tutuila","28396","478229987054","Tafuna","American Samoa"
534,"486 Ondo Parkway","","Benguela","35202","105882218332","Benguela","Angola"
388,"368 Hunuco Boulevard","","Namibe","17165","106439158941","Namibe","Angola"
386,"1368 Maracabo Boulevard","","","32716","934352415130","South Hill","Anguilla"
364,"1623 Kingstown Drive","","Buenos Aires","91299","296394569728","Almirante Brown","Argentina"
566,"1229 Varanasi (Benares) Manor","","Buenos Aires","40195","817740355461","Avellaneda","Argentina"
327,"1427 A Corua (La Corua) Place","","Buenos Aires","85799","972574862516","Baha Blanca","Argentina"
28,"96 Tafuna Way","","Crdoba","99865","934730187245","Crdoba","Argentina"
450,"203 Tambaram Street","","Buenos Aires","73942","411549550611","Escobar","Argentina"
536,"166 Jinchang Street","","Buenos Aires","86760","717566026669","Ezeiza","Argentina"
93,"1926 El Alto Avenue","","Buenos Aires","75543","846225459260","La Plata","Argentina"
111,"1532 Dzerzinsk Way","","Buenos Aires","9599","330838016880","Merlo","Argentina"
591,"773 Dallas Manor","","Buenos Aires","12664","914466027044","Quilmes","Argentina"
247,"1483 Pathankot Street","","Tucumn","37288","686015532180","San Miguel de Tucumn","Argentina"
336,"430 Kumbakonam Drive","","Santa F","28814","105470691550","Santa F","Argentina"
410,"88 Nagaon Manor","","Buenos Aires","86868","779461480495","Tandil","Argentina"
223,"1244 Allappuzha (Alleppey) Place","","Buenos Aires","20657","991802825778","Vicente Lpez","Argentina"
45,"42 Brindisi Place","","Yerevan","16744","42384721397","Yerevan","Armenia"
2,"28 MySQL Boulevard",,"QLD","","","Woodridge","Australia"
4,"1411 Lillydale Drive",,"QLD","","6172235589","Woodridge","Australia"
177,"1010 Klerksdorp Way","","Steiermark","6802","493008546874","Graz","Austria"
163,"1440 Compton Place","","North Austria","81037","931059836497","Linz","Austria"
271,"1587 Loja Manor","","Salzburg","5410","621625204422","Salzburg","Austria"
338,"431 Szkesfehrvr Avenue","","Baki","57828","119501405123","Baku","Azerbaijan"
339,"503 Sogamoso Loop","","Sumqayit","49812","834626715837","Sumqayit","Azerbaijan"
596,"1759 Niznekamsk Avenue","","al-Manama","39414","864392582257","al-Manama","Bahrain"
337,"1838 Tabriz Lane","","Dhaka","1195","38988715447","Dhaka","Bangladesh"
334,"1816 Bydgoszcz Loop","","Dhaka","64308","965273813662","Jamalpur","Bangladesh"
25,"262 A Corua (La Corua) Parkway","","Dhaka","34418","892775750063","Tangail","Bangladesh"
533,"556 Asuncin Way","","Mogiljov","35364","338244023543","Mogiljov","Belarus"
148,"1027 Songkhla Manor","","Minsk","30861","563660187896","Molodetno","Belarus"
460,"659 Gatineau Boulevard","","La Paz","28587","205524798287","El Alto","Bolivia"
436,"287 Cuautla Boulevard","","Chuquisaca","72736","82619513349","Sucre","Bolivia"
557,"1407 Pachuca de Soto Place","","Rio Grande do Sul","26284","380077794770","Alvorada","Brazil"
312,"1354 Siegen Street","","Rio de Janeiro","80184","573441801529","Angra dos Reis","Brazil"
233,"356 Olomouc Manor","","Gois","93323","22326410776","Anpolis","Brazil"
220,"1201 Qomsheh Manor","","Gois","21464","873492228462","Aparecida de Goinia","Brazil"
81,"1692 Ede Loop","","So Paulo","9223","918711376618","Araatuba","Brazil"
403,"1190 0 Place","","Rio Grande do Sul","10417","841876514789","Bag","Brazil"
367,"1163 London Parkway","","Par","6066","675120358494","Belm","Brazil"
210,"1304 s-Hertogenbosch Way","","Santa Catarina","10925","90336226227","Blumenau","Brazil"
347,"1293 Nam Dinh Way","","Roraima","71583","697656479977","Boa Vista","Brazil"
330,"981 Kumbakonam Place","","Distrito Federal","87611","829116184079","Braslia","Brazil"
96,"984 Effon-Alaiye Avenue","","Gois","17119","132986892228","Goinia","Brazil"
432,"259 Ipoh Drive","","So Paulo","64964","419009857119","Guaruj","Brazil"
134,"758 Junan Lane","","Gois","82639","935448624185","guas Lindas de Gois","Brazil"
315,"543 Bergamo Avenue","","Minas Gerais","59686","103602195112","Ibirit","Brazil"
51,"686 Garland Manor","","Cear","52535","69493378813","Juazeiro do Norte","Brazil"
597,"32 Liaocheng Way","","Minas Gerais","1944","410877354933","Juiz de Fora","Brazil"
187,"1839 Szkesfehrvr Parkway","","Gois","55709","947468818183","Luzinia","Brazil"
250,"829 Grand Prairie Way","","Paran","6461","741070712873","Maring","Brazil"
130,"1666 Qomsheh Drive","","So Paulo","66255","582835362905","Po","Brazil"
259,"1338 Zalantun Lane","","Minas Gerais","45403","840522972766","Poos de Caldas","Brazil"
78,"1206 Dos Quebradas Place","","So Paulo","20207","241832790687","Rio Claro","Brazil"
182,"1891 Rizhao Boulevard","","So Paulo","47288","391065549876","Santa Brbara dOeste","Brazil"
359,"519 Nyeri Manor","","So Paulo","37650","764680915323","Santo Andr","Brazil"
550,"1715 Okayama Street","","So Paulo","55676","169352919175","So Bernardo do Campo","Brazil"
448,"614 Denizli Parkway","","Rio Grande do Sul","29444","876491807547","So Leopoldo","Brazil"
319,"1957 Yantai Lane","","So Paulo","59255","704948322302","Sorocaba","Brazil"
43,"306 Antofagasta Place","","Esprito Santo","3989","378318851631","Vila Velha","Brazil"
379,"1133 Rizhao Avenue","","Pernambuco","2800","600264533987","Vitria de Santo Anto","Brazil"
95,"1370 Le Mans Avenue","","Brunei and Muara","52163","345679835036","Bandar Seri Begawan","Brunei"
546,"191 Jos Azueta Parkway","","Ruse","13629","932156667696","Ruse","Bulgaria"
219,"1229 Valencia Parkway","","Haskovo","99124","352679173732","Stara Zagora","Bulgaria"
522,"1768 Udine Loop","","Battambang","32347","448876499197","Battambang","Cambodia"
232,"754 Valencia Place","","Phnom Penh","87911","594319417514","Phnom Penh","Cambodia"
357,"1641 Changhwa Place","","Nord-Ouest","37636","256546485220","Bamenda","Cameroon"
366,"114 Jalib al-Shuyukh Manor","","Centre","60440","845378657301","Yaound","Cameroon"
481,"1153 Allende Way","","Qubec","20336","856872225376","Gatineau","Canada"
468,"1844 Usak Avenue","","Nova Scotia","84461","164414772677","Halifax","Canada"
1,"47 MySakila Drive",,"Alberta","","","Lethbridge","Canada"
3,"23 Workhaven Lane",,"Alberta","","14033335568","Lethbridge","Canada"
193,"891 Novi Sad Manor","","Ontario","5379","247646995453","Oshawa","Canada"
415,"432 Garden Grove Street","","Ontario","65630","615964523510","Richmond Hill","Canada"
441,"983 Santa F Way","","British Colombia","47472","145720452260","Vancouver","Canada"
541,"195 Ilorin Street","","Chari-Baguirmi","49250","8912935608","NDjamna","Chad"
49,"1718 Valencia Street","","Antofagasta","37359","675292816413","Antofagasta","Chile"
521,"568 Dhule (Dhulia) Loop","","Coquimbo","92568","602101369463","Coquimbo","Chile"
469,"1872 Toulon Loop","","OHiggins","7939","928809465153","Rancagua","Chile"
544,"183 Haiphong Street","","Jilin","69953","488600270038","Baicheng","China"
500,"362 Rajkot Lane","","Gansu","98030","962020153680","Baiyin","China"
539,"1332 Gaziantep Lane","","Shandong","22813","383353187467","Binzhou","China"
201,"817 Bradford Loop","","Jiangsu","89459","264286442804","Changzhou","China"
265,"1158 Mandi Bahauddin Parkway","","Shanxi","98484","276555730211","Datong","China"
68,"1966 Amroha Avenue","","Sichuan","70385","333489324603","Daxian","China"
471,"1322 Mosul Parkway","","Shandong","95400","268053970382","Dongying","China"
394,"753 Ilorin Avenue","","Sichuan","3656","464511145118","Emeishan","China"
114,"804 Elista Drive","","Hubei","61069","379804592943","Enshi","China"
318,"1774 Yaound Place","","Hubei","91400","613124286867","Ezhou","China"
215,"1333 Haldia Street","","Jilin","82161","408304391718","Fuyu","China"
286,"1308 Sumy Loop","","Fujian","30657","583021225407","Fuzhou","China"
558,"904 Clarksville Drive","","Zhejiang","52234","955349440539","Haining","China"
169,"154 Tallahassee Loop","","Xinxiang","62250","935508855935","Hami","China"
142,"1587 Sullana Lane","","Inner Mongolia","85769","468060467018","Hohhot","China"
389,"500 Lincoln Parkway","","Jiangsu","95509","550306965159","Huaian","China"
172,"475 Atinsk Way","","Gansu","59571","201705577290","Jinchang","China"
600,"1837 Kaduna Parkway","","Inner Mongolia","82580","640843562301","Jining","China"
601,"844 Bucuresti Place","","Liaoning","36603","935952366111","Jinzhou","China"
440,"722 Bradford Lane","","Shandong","90920","746251338300","Junan","China"
288,"226 Halifax Street","","Xinxiang","58492","790651020929","Korla","China"
155,"1560 Jelets Boulevard","","Shandong","77777","189446090264","Laiwu","China"
427,"1557 Cape Coral Parkway","","Hubei","46875","368284120423","Laohekou","China"
272,"1762 Paarl Parkway","","Hunan","53928","192459639410","Lengshuijiang","China"
575,"1052 Pathankot Avenue","","Sichuan","77397","128499386727","Leshan","China"
133,"1854 Tieli Street","","Shandong","15819","509492324775","Liaocheng","China"
94,"1952 Chatsworth Drive","","Guangdong","25958","991562402283","Meixian","China"
41,"1440 Fukuyama Loop","","Henan","47929","912257250465","Nanyang","China"
173,"1294 Firozabad Drive","","Jiangxi","70618","161801569569","Pingxiang","China"
246,"1246 Boksburg Parkway","","Hebei","28349","890283544295","Qinhuangdao","China"
501,"1060 Tandil Lane","","Shandong","72349","211256301880","Rizhao","China"
552,"390 Wroclaw Way","","Hainan","5753","357593328658","Sanya","China"
429,"1269 Botosani Manor","","Guangdong","47394","736517327853","Shanwei","China"
490,"1909 Dayton Avenue","","Guangdong","88513","702955450528","Shaoguan","China"
383,"686 Donostia-San Sebastin Lane","","Guangdong","97390","71857599858","Shenzhen","China"
516,"1574 Goinia Boulevard","","Heilongjiang","39529","59634255214","Suihua","China"
253,"1760 Oshawa Manor","","Tianjin","38140","56257502250","Tianjin","China"
307,"1908 Gaziantep Place","","Liaoning","58979","108053751300","Tiefa","China"
605,"1325 Fukuyama Street","","Heilongjiang","27107","288241215394","Tieli","China"
447,"105 Dzerzinsk Manor","","Inner Mongolia","48570","240776414296","Tongliao","China"
594,"1464 Kursk Parkway","","Shandong","17381","338758048786","Weifang","China"
245,"1103 Bilbays Parkway","","Hubei","87660","279979529227","Xiangfan","China"
71,"1586 Guaruj Place","","Hunan","5135","947233365992","Xiangtan","China"
570,"415 Pune Avenue","","Shandong","44274","203202500108","Xintai","China"
344,"1909 Benguela Lane","","Henan","19913","624138001031","Xinxiang","China"
277,"85 San Felipe de Puerto Plata Drive","","Shandong","46063","170739645687","Yantai","China"
489,"1297 Alvorada Parkway","","Ningxia","11839","508348602835","Yinchuan","China"
527,"1993 0 Loop","","Liaoning","41214","25865528181","Yingkou","China"
158,"798 Cianjur Avenue","","Shanxi","76990","499408708580","Yuncheng","China"
329,"867 Benin City Avenue","","Henan","78543","168884817145","Yuzhou","China"
97,"832 Nakhon Sawan Manor","","Inner Mongolia","49021","275595571388","Zalantun","China"
520,"1778 Gijn Manor","","Hubei","35156","288910576761","Zaoyang","China"
556,"346 Cam Ranh Avenue","","Zhejiang","39976","978430786151","Zhoushan","China"
239,"98 Stara Zagora Boulevard","","Valle","76448","610173756082","Buenaventura","Colombia"
124,"241 Mosul Lane","","Risaralda","76157","765345144779","Dos Quebradas","Colombia"
465,"734 Tanshui Avenue","","Caquet","70664","366776723320","Florencia","Colombia"
184,"1410 Benin City Parkway","","Risaralda","29747","104150372603","Pereira","Colombia"
91,"1740 Portoviejo Avenue","","Sucre","29932","198123170793","Sincelejo","Colombia"
495,"656 Matamoros Drive","","Boyac","19489","17305839123","Sogamoso","Colombia"
392,"514 Ife Way","","Shaba","69973","900235712074","Lubumbashi","Congo, The Democratic Republic of the"
380,"1519 Santiago de los Caballeros Loop","","East Kasai","22025","409315295763","Mwene-Ditu","Congo, The Democratic Republic of the"
270,"682 Halisahar Place","","Severn Morava","20536","475553436330","Olomouc","Czech Republic"
442,"1245 Ibirit Way","","La Romana","40926","331888642162","La Romana","Dominican Republic"
423,"437 Chungho Drive","","Puerto Plata","59489","491271355190","San Felipe de Puerto Plata","Dominican Republic"
263,"532 Toulon Street","","Santiago","69517","46871694740","Santiago de los Caballeros","Dominican Republic"
595,"1074 Sanaa Parkway","","Loja","22474","154124128457","Loja","Ecuador"
267,"816 Cayenne Parkway","","Manab","93629","282874611748","Portoviejo","Ecuador"
499,"1954 Kowloon and New Kowloon Way","","Chimborazo","63667","898559280434","Robamba","Ecuador"
565,"1741 Hoshiarpur Boulevard","","al-Sharqiya","22372","855066328617","Bilbays","Egypt"
237,"1736 Cavite Place","","Qina","98775","431770603551","Idfu","Egypt"
496,"775 ostka Drive","","al-Daqahliya","22358","171973024401","Mit Ghamr","Egypt"
138,"765 Southampton Drive","","al-Qalyubiya","4285","23712411567","Qalyub","Egypt"
428,"1727 Matamoros Place","","Sawhaj","78813","129673677866","Sawhaj","Egypt"
123,"1987 Coacalco de Berriozbal Loop","","al-Qalyubiya","96065","787654415858","Shubra al-Khayma","Egypt"
449,"1289 Belm Boulevard","","Tartumaa","88306","237368926031","Tartu","Estonia"
397,"614 Pak Kret Street","","Addis Abeba","27796","47808359842","Addis Abeba","Ethiopia"
322,"1359 Zhoushan Parkway","","Streymoyar","29763","46568045367","Trshavn","Faroe Islands"
303,"898 Jining Lane","","Pohjois-Pohjanmaa","40070","161643343536","Oulu","Finland"
407,"1346 Mysore Drive","","Bretagne","61507","516647474029","Brest","France"
166,"1740 Le Mans Loop","","Pays de la Loire","22853","168476538960","Le Mans","France"
108,"1386 Yangor Avenue","","Provence-Alpes-Cte","80720","449216226468","Toulon","France"
39,"391 Callao Drive","","Midi-Pyrnes","34021","440512153169","Toulouse","France"
69,"698 Otsu Street","","Cayenne","71110","409983924481","Cayenne","French Guiana"
47,"1447 Imus Way","","Tahiti","48942","539758313890","Faaa","French Polynesia"
60,"1668 Saint Louis Place","","Tahiti","39072","347487831378","Papeete","French Polynesia"
590,"247 Jining Parkway","","Banjul","53446","170115379190","Banjul","Gambia"
118,"442 Rae Bareli Place","","Nordrhein-Westfalen","24321","886636413768","Duisburg","Germany"
453,"319 Springs Loop","","Baijeri","99552","72524459905","Erlangen","Germany"
255,"1966 Tonghae Street","","Anhalt Sachsen","36481","567359279425","Halle/Saale","Germany"
200,"1074 Binzhou Manor","","Baden-Wrttemberg","36490","331132568928","Mannheim","Germany"
231,"430 Alessandria Loop","","Saarland","47446","669828224459","Saarbrcken","Germany"
199,"1792 Valle de la Pascua Place","","Nordrhein-Westfalen","15540","419419591240","Siegen","Germany"
205,"68 Molodetno Manor","","Nordrhein-Westfalen","4662","146640639760","Witten","Germany"
7,"692 Joliet Street","","Attika","83579","448477190408","Athenai","Greece"
602,"1101 Bucuresti Boulevard","","West Greece","97661","199514580428","Patras","Greece"
211,"850 Salala Loop","","Kitaa","10800","403404780639","Nuuk","Greenland"
30,"18 Duisburg Boulevard","","","58327","998009777982","Citt del Vaticano","Holy See (Vatican City State)"
294,"1912 Allende Manor","","Kowloon and New Kowl","58124","172262454487","Kowloon and New Kowloon","Hong Kong"
598,"42 Fontana Avenue","","Fejr","14684","437829801725","Szkesfehrvr","Hungary"
372,"230 Urawa Drive","","Andhra Pradesh","2738","166898395731","Adoni","India"
302,"922 Vila Velha Loop","","Maharashtra","4085","510737228015","Ahmadnagar","India"
179,"431 Xiangtan Avenue","","Kerala","4854","230250973122","Allappuzha (Alleppey)","India"
229,"1014 Loja Manor","","Tamil Nadu","66851","460795526514","Ambattur","India"
540,"949 Allende Lane","","Uttar Pradesh","67521","122981120653","Amroha","India"
212,"624 Oshawa Boulevard","","West Bengali","89959","49677664184","Balurghat","India"
418,"126 Acua Parkway","","West Bengali","58888","480039662421","Berhampore (Baharampur)","India"
384,"97 Mogiljov Lane","","Gujarat","89294","924815207181","Bhavnagar","India"
213,"43 Dadu Avenue","","Rajasthan","4855","95666951770","Bhilwara","India"
535,"635 Brest Manor","","Andhra Pradesh","40899","80593242951","Bhimavaram","India"
19,"419 Iligan Lane","","Madhya Pradesh","72878","990911107354","Bhopal","India"
206,"642 Nador Drive","","Maharashtra","3924","369050085652","Bhusawal","India"
473,"1257 Guadalajara Street","","Karnataka","33599","195337700615","Bijapur","India"
171,"1540 Wroclaw Drive","","Maharashtra","62686","182363341674","Chandrapur","India"
514,"1747 Rustenburg Place","","Bihar","51369","442673923363","Chapra","India"
445,"495 Bhimavaram Lane","","Maharashtra","3","82088937724","Dhule (Dhulia)","India"
125,"211 Chiayi Drive","","Uttar Pradesh","58186","665993880048","Etawah","India"
196,"9 San Miguel de Tucumn Manor","","Uttar Pradesh","90845","956188728558","Firozabad","India"
121,"1967 Sincelejo Place","","Gujarat","73644","577812616052","Gandhinagar","India"
375,"1049 Matamoros Parkway","","Karnataka","69640","960505250340","Gulbarga","India"
190,"435 0 Way","","West Bengali","74750","760171523969","Haldia","India"
264,"1027 Banjul Place","","West Bengali","50390","538241037443","Halisahar","India"
417,"791 Salinas Street","","Punjab","40509","129953030512","Hoshiarpur","India"
140,"788 Atinsk Street","","Karnataka","81691","146497509724","Hubli-Dharwad","India"
64,"81 Hodeida Way","","Rajasthan","55561","250767749542","Jaipur","India"
36,"176 Mandaluyong Place","","Uttar Pradesh","65213","627705991774","Jhansi","India"
228,"60 Poos de Caldas Street","","Rajasthan","82338","963063788669","Jodhpur","India"
35,"33 Gorontalo Way","","West Bengali","30348","745994947458","Kamarhati","India"
497,"1013 Tabuk Boulevard","","West Bengali","96203","158399646978","Kanchrapara","India"
279,"1884 Shikarpur Avenue","","Haryana","85548","959949395183","Karnal","India"
424,"1948 Bayugan Parkway","","Bihar","60622","987306329957","Katihar","India"
276,"1675 Xiangfan Manor","","Tamil Nadu","11763","271149517630","Kumbakonam","India"
321,"651 Pathankot Loop","","Maharashtra","59811","139378397418","Miraj","India"
32,"1425 Shikarpur Manor","","Bihar","65599","678220867005","Munger (Monghyr)","India"
63,"1213 Ranchi Parkway","","Karnataka","94352","800024380485","Mysore","India"
156,"1963 Moscow Place","","Assam","64863","761379480249","Nagaon","India"
273,"1519 Ilorin Place","","Kerala","49298","357445645426","Palghat (Palakkad)","India"
305,"41 El Alto Parkway","","Maharashtra","56883","51917807050","Parbhani","India"
99,"1697 Tanauan Lane","","Punjab","22870","4764773857","Pathankot","India"
301,"951 Stara Zagora Manor","","Punjab","98573","429925609431","Patiala","India"
426,"1661 Abha Drive","","Tamil Nadu","14400","270456873752","Pudukkottai","India"
139,"943 Johannesburg Avenue","","Maharashtra","5892","90921003005","Pune","India"
431,"1596 Acua Parkway","","Jharkhand","70425","157133457169","Purnea (Purnia)","India"
82,"936 Salzburg Lane","","Uttar Pradesh","96709","875756771675","Rae Bareli","India"
560,"1447 Imus Place","","Gujarat","12905","62127829280","Rajkot","India"
341,"1920 Weifang Avenue","","Uttar Pradesh","15643","869507847714","Rampur","India"
363,"604 Bern Place","","Jharkhand","5373","620719383725","Ranchi","India"
221,"866 Shivapuri Manor","","Uttar Pradesh","22474","778502731092","Sambhal","India"
361,"45 Aparecida de Goinia Place","","Madhya Pradesh","7431","650496654258","Satna","India"
242,"1964 Gijn Manor","","Karnataka","14408","918119601885","Shimoga","India"
72,"57 Arlington Manor","","Madhya Pradesh","48960","990214419142","Shivapuri","India"
507,"1197 Sokoto Boulevard","","West Bengali","87687","868602816371","Siliguri (Shiliguri)","India"
292,"1993 Tabuk Lane","","Tamil Nadu","64221","648482415405","Tambaram","India"
174,"1877 Ezhou Lane","","Rajasthan","63337","264541743403","Udaipur","India"
451,"1704 Tambaram Manor","","West Bengali","2834","39463554936","Uluberia","India"
235,"954 Kimchon Place","","West Bengali","42420","541327526474","Uttarpara-Kotrung","India"
408,"990 Etawah Loop","","Tamil Nadu","79940","206169448769","Valparai","India"
127,"117 Boa Vista Way","","Uttar Pradesh","6804","677976133614","Varanasi (Benares)","India"
513,"758 Korolev Parkway","","Andhra Pradesh","75474","441628280920","Vijayawada","India"
16,"808 Bhopal Manor","","Haryana","10672","465887807014","Yamuna Nagar","India"
416,"1445 Carmen Parkway","","West Java","70809","598912394463","Cianjur","Indonesia"
243,"47 Syktyvkar Lane","","West Java","22236","63937119031","Ciomas","Indonesia"
333,"1860 Taguig Loop","","West Java","59550","38158430589","Ciparay","Indonesia"
207,"1688 Nador Lane","","Sulawesi Utara","61613","652218196731","Gorontalo","Indonesia"
157,"456 Escobar Way","","Jakarta Raya","36061","719202533520","Jakarta","Indonesia"
478,"1078 Stara Zagora Drive","","Aceh","69221","932992626595","Lhokseumawe","Indonesia"
505,"519 Brescia Parkway","","East Java","69504","793996678771","Madiun","Indonesia"
548,"1658 Cuman Loop","","Sumatera Selatan","51309","784907335610","Pangkal Pinang","Indonesia"
120,"544 Malm Parkway","","Central Java","63502","386759646229","Pemalang","Indonesia"
511,"1152 al-Qatif Lane","","Kalimantan Barat","44816","131370665218","Pontianak","Indonesia"
377,"154 Oshawa Manor","","East Java","72771","440365973660","Probolinggo","Indonesia"
530,"1003 Qinhuangdao Street","","West Java","25972","35533115997","Purwakarta","Indonesia"
455,"1947 Paarl Way","","Central Java","23636","834061016202","Surakarta","Indonesia"
463,"935 Aden Boulevard","","Central Java","64709","335052544020","Tegal","Indonesia"
40,"334 Munger (Monghyr) Lane","","Markazi","38145","481183273622","Arak","Iran"
14,"1531 Sal Drive","","Esfahan","53628","648856936185","Esfahan","Iran"
382,"220 Hidalgo Drive","","Kermanshah","45298","342720754566","Kermanshah","Iran"
373,"1922 Miraj Way","","Esfahan","13203","320471479776","Najafabad","Iran"
464,"76 Kermanshah Manor","","Esfahan","23343","762361821578","Qomsheh","Iran"
189,"927 Barcelona Street","","Chaharmahal va Bakht","65121","951486492670","Shahr-e Kord","Iran"
454,"956 Nam Dinh Manor","","Kerman","21872","474047727727","Sirjan","Iran"
284,"600 Bradford Street","","East Azerbaidzan","96204","117592274996","Tabriz","Iran"
585,"1208 Tama Loop","","Ninawa","73605","954786054144","Mosul","Iraq"
106,"659 Vaduz Drive","","Ha Darom","49708","709935135487","Ashdod","Israel"
483,"632 Usolje-Sibirskoje Parkway","","Ha Darom","73085","667648979883","Ashqelon","Israel"
320,"1542 Lubumbashi Boulevard","","Tel Aviv","62472","508800331065","Bat Yam","Israel"
165,"97 Shimoga Avenue","","Tel Aviv","44660","177167004331","Tel Aviv-Jaffa","Israel"
37,"127 Purnea (Purnia) Manor","","Piemonte","79388","911872220378","Alessandria","Italy"
444,"231 Kaliningrad Place","","Lombardia","57833","575081026569","Bergamo","Italy"
314,"1224 Huejutla de Reyes Boulevard","","Lombardia","70923","806016930576","Brescia","Italy"
504,"1 Valle de Santiago Avenue","","Apulia","86208","465897838272","Brindisi","Italy"
547,"379 Lublin Parkway","","Toscana","74568","921960450089","Livorno","Italy"
225,"1926 Gingoog Street","","Sisilia","22824","469738825391","Syrakusa","Italy"
531,"1986 Sivas Place","","Friuli-Venezia Giuli","95775","182059202712","Udine","Italy"
580,"923 Tangail Boulevard","","Tokyo-to","33384","315528269898","Akishima","Japan"
145,"928 Jaffna Loop","","Hiroshima","93762","581852137991","Fukuyama","Japan"
269,"446 Kirovo-Tepetsk Lane","","Osaka","19428","303967439816","Higashiosaka","Japan"
198,"345 Oshawa Boulevard","","Tokyo-to","32114","104491201771","Hino","Japan"
304,"1635 Kuwana Boulevard","","Hiroshima","52137","710603868323","Hiroshima","Japan"
525,"1949 Sanya Street","","Gumma","61244","132100972047","Isesaki","Japan"
244,"1148 Saarbrcken Parkway","","Fukushima","1921","137773001988","Iwaki","Japan"
58,"1964 Allappuzha (Alleppey) Street","","Yamaguchi","48980","920811325222","Iwakuni","Japan"
401,"168 Cianjur Manor","","Saitama","73824","679095087143","Iwatsuki","Japan"
396,"767 Pyongyang Drive","","Osaka","83536","667736124769","Izumisano","Japan"
167,"1287 Xiangfan Boulevard","","Gifu","57844","819416131190","Kakamigahara","Japan"
83,"586 Tete Way","","Kanagawa","1079","18581624103","Kamakura","Japan"
553,"1421 Quilmes Lane","","Ishikawa","19151","135407755975","Kanazawa","Japan"
406,"454 Patiala Lane","","Fukushima","13496","794553031307","Koriyama","Japan"
38,"61 Tama Street","","Okayama","94065","708403338270","Kurashiki","Japan"
537,"958 Sagamihara Lane","","Mie","88408","427274926505","Kuwana","Japan"
360,"619 Hunuco Avenue","","Shimane","81508","142596392389","Matsue","Japan"
258,"752 Ondo Loop","","Miyazaki","32474","134673576619","Miyakonojo","Japan"
57,"17 Kabul Boulevard","","Chiba","38594","697760867968","Nagareyama","Japan"
494,"591 Sungai Petani Drive","","Okayama","46400","37247325001","Okayama","Japan"
370,"1565 Tangail Manor","","Okinawa","45750","634445428822","Okinawa","Japan"
409,"1266 Laredo Parkway","","Saitama","7664","1483365694","Omiya","Japan"
342,"124 al-Manama Way","","Hiroshima","52368","647899404952","Onomichi","Japan"
290,"1336 Benin City Drive","","Shiga","46044","341242939532","Otsu","Japan"
15,"1542 Tarlac Parkway","","Kanagawa","1027","635297277345","Sagamihara","Japan"
5,"1913 Hanoi Way","","Nagasaki","35200","28303384290","Sasebo","Japan"
33,"786 Aurora Avenue","","Yamaguchi","65750","18461860151","Shimonoseki","Japan"
390,"102 Chapra Drive","","Ibaragi","14073","776031833752","Tama","Japan"
434,"1404 Taguig Drive","","Okayama","87212","572068624538","Tsuyama","Japan"
508,"496 Celaya Drive","","Nagano","90797","759586584889","Ueda","Japan"
151,"1337 Lincoln Parkway","","Saitama","99457","597815221267","Urawa","Japan"
80,"602 Paarl Street","","Pavlodar","98889","896314772871","Pavlodar","Kazakstan"
579,"521 San Juan Bautista Tuxtepec Place","","Qaraghandy","95093","844018348565","Zhezqazghan","Kazakstan"
197,"447 Surakarta Loop","","Nyanza","10428","940830176580","Kisumu","Kenya"
368,"1658 Jastrzebie-Zdrj Loop","","Central","96584","568367775448","Nyeri","Kenya"
238,"346 Skikda Parkway","","Hawalli","90628","630424482919","Jalib al-Shuyukh","Kuwait"
352,"1673 Tangail Drive","","Daugavpils","26857","627924259271","Daugavpils","Latvia"
27,"1780 Hino Boulevard","","Liepaja","7716","902731229323","Liepaja","Latvia"
61,"943 Tokat Street","","Vaduz","45428","889318963672","Vaduz","Liechtenstein"
563,"1059 Yuncheng Avenue","","Vilna","47498","107092893983","Vilnius","Lithuania"
85,"320 Baiyin Parkway","","Mahajanga","37307","223664661973","Mahajanga","Madagascar"
170,"710 San Felipe del Progreso Avenue","","Lilongwe","76901","843801144113","Lilongwe","Malawi"
175,"316 Uruapan Street","","Perak","58194","275788967899","Ipoh","Malaysia"
62,"1114 Liepaja Street","","Sarawak","69226","212869228936","Kuching","Malaysia"
311,"715 So Bernardo do Campo Lane","","Kedah","84804","181179321332","Sungai Petani","Malaysia"
491,"1789 Saint-Denis Parkway","","Coahuila de Zaragoza","8268","936806643983","Acua","Mexico"
419,"397 Sunnyvale Avenue","","Guanajuato","55566","680851640676","Allende","Mexico"
88,"125 Citt del Vaticano Boulevard","","Puebla","67912","48417642933","Atlixco","Mexico"
584,"1819 Alessandria Loop","","Campeche","53829","377633994405","Carmen","Mexico"
593,"1402 Zanzibar Boulevard","","Guanajuato","71102","387448063440","Celaya","Mexico"
251,"1473 Changhwa Parkway","","Mxico","75933","266798132374","Coacalco de Berriozbal","Mexico"
487,"1785 So Bernardo do Campo Street","","Veracruz","71182","684529463244","Coatzacoalcos","Mexico"
472,"1447 Chatsworth Place","","Chihuahua","41545","769370126331","Cuauhtmoc","Mexico"
328,"479 San Felipe del Progreso Avenue","","Morelos","54949","869051782691","Cuautla","Mexico"
581,"186 Skikda Lane","","Morelos","89422","14465669789","Cuernavaca","Mexico"
456,"814 Simferopol Loop","","Sinaloa","48745","524567129902","El Fuerte","Mexico"
369,"817 Laredo Avenue","","Jalisco","77449","151249681135","Guadalajara","Mexico"
154,"781 Shimonoseki Drive","","Michoacn de Ocampo","95444","632316273199","Hidalgo","Mexico"
588,"966 Asuncin Way","","Hidalgo","62703","995527378381","Huejutla de Reyes","Mexico"
112,"1002 Ahmadnagar Manor","","Mxico","93026","371490777743","Huixquilucan","Mexico"
587,"760 Miyakonojo Drive","","Guerrero","64682","294449058179","Jos Azueta","Mexico"
374,"433 Florencia Street","","Chihuahua","91330","561729882725","Jurez","Mexico"
493,"184 Mandaluyong Street","","Baja California Sur","94239","488425406814","La Paz","Mexico"
181,"146 Johannesburg Way","","Tamaulipas","54132","953689007081","Matamoros","Mexico"
348,"785 Vaduz Street","","Baja California","36170","895616862749","Mexicali","Mexico"
576,"1351 Sousse Lane","","Coahuila de Zaragoza","37815","203804046132","Monclova","Mexico"
119,"1107 Nakhon Sawan Avenue","","Mxico","75149","867546627903","Nezahualcyotl","Mexico"
358,"1698 Southport Loop","","Hidalgo","49009","754358349853","Pachuca de Soto","Mexico"
278,"144 South Hill Loop","","Guanajuato","2012","45387294817","Salamanca","Mexico"
324,"1145 Vilnius Manor","","Mxico","73170","674805712553","San Felipe del Progreso","Mexico"
430,"355 Vitria de Santo Anto Way","","Oaxaca","81758","548003849552","San Juan Bautista Tuxtepec","Mexico"
137,"261 Saint Louis Way","","Coahuila de Zaragoza","83401","321944036800","Torren","Mexico"
459,"251 Florencia Drive","","Michoacn de Ocampo","16119","118011831565","Uruapan","Mexico"
293,"86 Higashiosaka Lane","","Guanajuato","33768","957128697225","Valle de Santiago","Mexico"
470,"1088 Ibirit Place","","Jalisco","88502","49084281333","Zapopan","Mexico"
42,"269 Cam Ranh Parkway","","Chisinau","34689","489783829737","Chisinau","Moldova"
549,"454 Qinhuangdao Drive","","Tadla-Azilal","25866","786270036240","Beni-Mellal","Morocco"
44,"671 Graz Street","","Oriental","94399","680768868518","Nador","Morocco"
26,"28 Charlotte Amalie Street","","Rabat-Sal-Zammour-Z","37551","161968374323","Sal","Morocco"
262,"771 Yaound Manor","","Sofala","86768","245477603573","Beira","Mozambique"
438,"596 Huixquilucan Place","","Nampula","65892","342709348083","Naala-Porto","Mozambique"
101,"1599 Plock Drive","","Tete","71986","817248913162","Tete","Mozambique"
261,"51 Laredo Avenue","","Sagaing","68146","884536620568","Monywa","Myanmar"
8,"1566 Inegl Manor","","Mandalay","53561","705814003527","Myingyan","Myanmar"
519,"962 Tama Loop","","","65952","282667506728","Yangor","Nauru"
326,"470 Boksburg Street","","Central","97960","908029859266","Birgunj","Nepal"
420,"992 Klerksdorp Loop","","Utrecht","33711","855290087237","Amersfoort","Netherlands"
141,"1749 Daxian Place","","Gelderland","11044","963369996279","Apeldoorn","Netherlands"
346,"1217 Konotop Avenue","","Gelderland","504","718917251754","Ede","Netherlands"
479,"1854 Okara Boulevard","","Drenthe","42123","131912793873","Emmen","Netherlands"
188,"741 Ambattur Manor","","Noord-Brabant","43310","302590383819","s-Hertogenbosch","Netherlands"
12,"478 Joliet Way","","Hamilton","77948","657282285970","Hamilton","New Zealand"
289,"1279 Udine Parkway","","Edo & Delta","75860","195003555232","Benin City","Nigeria"
414,"1936 Lapu-Lapu Parkway","","Bauchi & Gombe","7122","653436985797","Deba Habe","Nigeria"
291,"1155 Liaocheng Place","","Oyo & Osun","22650","558236142492","Effon-Alaiye","Nigeria"
84,"1888 Kabul Drive","","Oyo & Osun","20936","701457319790","Ife","Nigeria"
202,"955 Bamenda Way","","Ondo & Ekiti","1545","768481779568","Ikerre","Nigeria"
107,"1177 Jelets Way","","Kwara & Kogi","3305","484292626944","Ilorin","Nigeria"
22,"320 Brest Avenue","","Kaduna","43331","747791594069","Kaduna","Nigeria"
282,"556 Baybay Manor","","Oyo & Osun","55802","363982224739","Ogbomosho","Nigeria"
160,"1367 Yantai Manor","","Ondo & Ekiti","21294","889538496300","Ondo","Nigeria"
285,"1006 Santa Brbara dOeste Manor","","Ondo & Ekiti","36229","85059738746","Owo","Nigeria"
254,"786 Stara Zagora Way","","Oyo & Osun","98332","716256596301","Oyo","Nigeria"
568,"1342 Sharja Way","","Sokoto & Kebbi & Zam","93655","946114054231","Sokoto","Nigeria"
236,"885 Yingkou Manor","","Kaduna","31390","588964509072","Zaria","Nigeria"
161,"1386 Nakhon Sawan Boulevard","","Pyongyang-si","53502","368899174225","Pyongyang","North Korea"
13,"613 Korolev Drive","","Masqat","45844","380657522649","Masqat","Oman"
503,"1416 San Juan Bautista Tuxtepec Avenue","","Zufar","50592","144206758053","Salala","Oman"
421,"966 Arecibo Loop","","Sind","94018","15273765306","Dadu","Pakistan"
227,"1820 Maring Parkway","","Punjab","88307","99760893676","Mandi Bahauddin","Pakistan"
24,"1688 Okara Way","","Nothwest Border Prov","21954","144453869132","Mardan","Pakistan"
404,"734 Bchar Place","","Punjab","30586","280578750435","Okara","Pakistan"
29,"934 San Felipe de Puerto Plata Street","","Sind","99780","196495945706","Shikarpur","Pakistan"
230,"201 Effon-Alaiye Way","","Asuncin","64344","684192903087","Asuncin","Paraguay"
209,"1679 Antofagasta Street","","Alto Paran","86599","905903574913","Ciudad del Este","Paraguay"
350,"1628 Nagareyama Lane","","Central","60079","20064292617","San Lorenzo","Paraguay"
309,"827 Yuncheng Drive","","Callao","79047","504434452842","Callao","Peru"
571,"1746 Faaa Way","","Huanuco","32515","863080561151","Hunuco","Peru"
126,"1175 Tanauan Way","","Lima","64615","937222955822","Lima","Peru"
603,"1103 Quilmes Boulevard","","Piura","52137","644021380889","Sullana","Peru"
75,"492 Cam Ranh Street","","Eastern Visayas","50805","565018274456","Baybay","Philippines"
192,"1166 Changhwa Street","","Caraga","58852","650752094490","Bayugan","Philippines"
98,"152 Kitwe Parkway","","Caraga","53182","835433605312","Bislig","Philippines"
376,"1061 Ede Avenue","","Southern Tagalog","57810","333390595558","Cabuyao","Philippines"
393,"717 Changzhou Lane","","Southern Tagalog","21615","426255288071","Cavite","Philippines"
31,"217 Botshabelo Place","","Southern Mindanao","49521","665356572025","Davao","Philippines"
466,"118 Jaffna Loop","","Northern Mindanao","10447","325526730021","Gingoog","Philippines"
260,"127 Iwakuni Boulevard","","Central Luzon","20777","987442542471","Hagonoy","Philippines"
586,"951 Springs Lane","","Central Mindanao","96115","165164761435","Iligan","Philippines"
354,"953 Hodeida Street","","Southern Tagalog","18841","53912826864","Imus","Philippines"
248,"582 Papeete Loop","","Central Visayas","27722","569868543137","Lapu-Lapu","Philippines"
268,"1831 Nam Dinh Loop","","National Capital Reg","51990","322888976727","Mandaluyong","Philippines"
439,"1351 Aparecida de Goinia Parkway","","Northern Mindanao","41775","959834530529","Ozamis","Philippines"
528,"1176 Southend-on-Sea Manor","","Southern Tagalog","81651","236679267178","Santa Rosa","Philippines"
76,"89 Allappuzha (Alleppey) Manor","","National Capital Reg","75444","255800440636","Taguig","Philippines"
510,"48 Maracabo Place","","Central Luzon","1570","82671830126","Talavera","Philippines"
378,"1191 Tandil Drive","","Southern Tagalog","6362","45554316010","Tanauan","Philippines"
240,"1479 Rustenburg Boulevard","","Southern Tagalog","18727","727785483194","Tanza","Philippines"
554,"947 Trshavn Place","","Central Luzon","841","50898428626","Tarlac","Philippines"
266,"862 Xintai Lane","","Cagayan Valley","30065","265153400632","Tuguegarao","Philippines"
323,"1769 Iwaki Lane","","Kujawsko-Pomorskie","25787","556100547674","Bydgoszcz","Poland"
578,"1405 Hagonoy Avenue","","Slaskie","86587","867287719310","Czestochowa","Poland"
132,"1050 Garden Grove Avenue","","Slaskie","4999","973047364353","Jastrzebie-Zdrj","Poland"
275,"906 Goinia Way","","Wielkopolskie","83565","701767622697","Kalisz","Poland"
506,"414 Mandaluyong Street","","Lubelskie","16370","52709222667","Lublin","Poland"
577,"1501 Pangkal Pinang Avenue","","Mazowieckie","943","770864062795","Plock","Poland"
385,"1642 Charlotte Amalie Drive","","Slaskie","75442","821476736117","Tychy","Poland"
564,"505 Madiun Boulevard","","Dolnoslaskie","97271","970638808606","Wroclaw","Poland"
365,"1009 Zanzibar Lane","","Arecibo","64875","102396298916","Arecibo","Puerto Rico"
287,"1405 Chisinau Place","","Ponce","8160","62781725285","Ponce","Puerto Rico"
234,"1256 Bislig Boulevard","","Botosani","50598","479007229460","Botosani","Romania"
569,"1342 Abha Boulevard","","Bukarest","10714","997453607116","Bucuresti","Romania"
152,"1952 Pune Lane","","Saint-Denis","92150","354615066969","Saint-Denis","Runion"
402,"616 Hagonoy Avenue","","Krasnojarsk","46043","604177838256","Atinsk","Russian Federation"
59,"1697 Kowloon and New Kowloon Loop","","Moskova","57807","499352017190","Balaiha","Russian Federation"
435,"740 Udaipur Lane","","Nizni Novgorod","33505","497288595103","Dzerzinsk","Russian Federation"
21,"270 Toulon Boulevard","","Kalmykia","81766","407752414682","Elista","Russian Federation"
110,"1867 San Juan Bautista Tuxtepec Avenue","","Ivanovo","78311","547003310357","Ivanovo","Russian Federation"
226,"810 Palghat (Palakkad) Boulevard","","Jaroslavl","73431","516331171356","Jaroslavl","Russian Federation"
104,"1913 Kamakura Place","","Lipetsk","97287","942570536750","Jelets","Russian Federation"
306,"1883 Maikop Lane","","Kaliningrad","68469","96110042435","Kaliningrad","Russian Federation"
515,"886 Tonghae Place","","Volgograd","19450","711928348157","Kamyin","Russian Federation"
183,"1089 Iwatsuki Avenue","","Kirov","35109","866092335135","Kirovo-Tepetsk","Russian Federation"
300,"661 Chisinau Lane","","Pietari","8856","816436065431","Kolpino","Russian Federation"
398,"954 Lapu-Lapu Way","","Moskova","8816","737229003916","Korolev","Russian Federation"
381,"1618 Olomouc Manor","","Kurgan","26385","96846695220","Kurgan","Russian Federation"
316,"746 Joliet Lane","","Kursk","94878","688485191923","Kursk","Russian Federation"
48,"1998 Halifax Drive","","Lipetsk","76022","177727722820","Lipetsk","Russian Federation"
164,"1623 Baha Blanca Manor","","Moskova","81511","149981248346","Ljubertsy","Russian Federation"
351,"1157 Nyeri Loop","","Adygea","56380","262744791493","Maikop","Russian Federation"
50,"46 Pjatigorsk Lane","","Moscow (City)","23616","262076994845","Moscow","Russian Federation"
452,"207 Cuernavaca Loop","","Tatarstan","52671","782900030287","Nabereznyje Telny","Russian Federation"
52,"909 Garland Manor","","Tatarstan","69367","705800322606","Niznekamsk","Russian Federation"
195,"1077 San Felipe de Puerto Plata Place","","Rostov-na-Donu","65387","812824036424","Novoterkassk","Russian Federation"
492,"185 Mannheim Lane","","Stavropol","23661","589377568313","Pjatigorsk","Russian Federation"
573,"1407 Surakarta Manor","","Moskova","33224","324346485054","Serpuhov","Russian Federation"
131,"801 Hagonoy Drive","","Smolensk","8439","237426099212","Smolensk","Russian Federation"
433,"1823 Hoshiarpur Lane","","Komi","33191","307133768620","Syktyvkar","Russian Federation"
355,"469 Nakhon Sawan Street","","Tuvassia","58866","689199636560","Teboksary","Russian Federation"
467,"1621 Tongliao Avenue","","Irkutsk","22173","209342540247","Usolje-Sibirskoje","Russian Federation"
356,"1378 Beira Loop","","Krasnojarsk","40792","840957664136","Zeleznogorsk","Russian Federation"
331,"1016 Iwakuni Street","","St George","49833","961370847344","Kingstown","Saint Vincent and the Grenadines"
105,"733 Mandaluyong Place","","Asir","77459","196568435814","Abha","Saudi Arabia"
74,"1124 Buenaventura Drive","","Mekka","6856","407733804223","al-Hawiya","Saudi Arabia"
422,"289 Santo Andr Manor","","al-Sharqiya","72410","214976066017","al-Qatif","Saudi Arabia"
53,"725 Isesaki Place","","Mekka","74428","876295323994","Jedda","Saudi Arabia"
317,"780 Kimberley Way","","Tabuk","17032","824396883951","Tabuk","Saudi Arabia"
461,"1889 Valparai Way","","Ziguinchor","75559","670370974122","Ziguinchor","Senegal"
362,"482 Kowloon and New Kowloon Manor","","Bratislava","97056","738968474939","Bratislava","Slovakia"
129,"569 Baicheng Lane","","Gauteng","60304","490211944645","Boksburg","South Africa"
136,"898 Belm Manor","","Free State","49757","707169393853","Botshabelo","South Africa"
561,"1497 Fengshan Drive","","KwaZulu-Natal","63022","368738360376","Chatsworth","South Africa"
476,"270 Tambaram Parkway","","Gauteng","9668","248446668735","Johannesburg","South Africa"
23,"1417 Lancaster Avenue","","Northern Cape","72192","272572357893","Kimberley","South Africa"
113,"682 Junan Way","","North West","30418","622255216127","Klerksdorp","South Africa"
437,"1766 Almirante Brown Street","","KwaZulu-Natal","63104","617567598243","Newcastle","South Africa"
343,"1443 Mardan Street","","Western Cape","31483","231383037471","Paarl","South Africa"
412,"1639 Saarbrcken Drive","","North West","9827","328494873422","Rustenburg","South Africa"
149,"999 Sanaa Loop","","Gauteng","3439","918032330119","Soshanguve","South Africa"
87,"929 Tallahassee Loop","","Gauteng","74671","800716535041","Springs","South Africa"
92,"1942 Ciparay Parkway","","Cheju","82624","978987363654","Cheju","South Korea"
103,"588 Vila Velha Manor","","Kyongsangbuk","51540","333339908719","Kimchon","South Korea"
241,"647 A Corua (La Corua) Street","","Chollanam","36971","792557457753","Naju","South Korea"
542,"193 Bhusawal Place","","Kang-won","9750","745267607502","Tonghae","South Korea"
249,"300 Junan Street","","Kyonggi","81314","890289150158","Uijongbu","South Korea"
56,"939 Probolinggo Loop","","Galicia","4166","680428310138","A Corua (La Corua)","Spain"
298,"44 Najafabad Way","","Baskimaa","61391","96604821070","Donostia-San Sebastin","Spain"
399,"331 Bydgoszcz Parkway","","Asturia","966","537374465982","Gijn","Spain"
474,"1469 Plock Lane","","Galicia","95835","622884741180","Ourense (Orense)","Spain"
555,"1764 Jalib al-Shuyukh Parkway","","Galicia","77642","84794532510","Santiago de Compostela","Spain"
413,"692 Amroha Drive","","Northern","35575","359478883004","Jaffna","Sri Lanka"
400,"1152 Citrus Heights Manor","","al-Qadarif","5239","765957414528","al-Qadarif","Sudan"
54,"115 Hidalgo Parkway","","Khartum","80168","307703950263","Omdurman","Sudan"
70,"1150 Kimchon Manor","","Skne ln","96109","663449333709","Malm","Sweden"
65,"915 Ponce Place","","Basel-Stadt","83980","1395251317","Basel","Switzerland"
159,"185 Novi Sad Place","","Bern","41778","904253967161","Bern","Switzerland"
604,"1331 Usak Boulevard","","Vaud","61960","145308717464","Lausanne","Switzerland"
79,"1551 Rampur Lane","","Changhwa","72394","251164340471","Changhwa","Taiwan"
77,"1947 Poos de Caldas Boulevard","","Chiayi","60951","427454485876","Chiayi","Taiwan"
523,"608 Birgunj Parkway","","Taipei","400","627425618482","Chungho","Taiwan"
582,"1568 Celaya Parkway","","Kaohsiung","34750","278669994384","Fengshan","Taiwan"
353,"381 Kabul Way","","Taipei","87272","55477302294","Hsichuh","Taiwan"
34,"1668 Anpolis Street","","Taipei","50199","525255540978","Lungtan","Taiwan"
9,"53 Idfu Parkway","","Nantou","42399","10655648674","Nantou","Taiwan"
583,"1489 Kakamigahara Lane","","Taipei","98883","29341849811","Tanshui","Taiwan"
143,"1029 Dzerzinsk Manor","","Ynlin","57519","33173584456","Touliu","Taiwan"
592,"1923 Stara Zagora Lane","","Nantou","95179","182178609211","Tsaotun","Taiwan"
486,"64 Korla Street","","Mwanza","25145","510383179153","Mwanza","Tanzania"
194,"605 Rio Claro Parkway","","Tabora","49348","352469351088","Tabora","Tanzania"
224,"1842 Luzinia Boulevard","","Zanzibar West","94420","706878974831","Zanzibar","Tanzania"
395,"1337 Mit Ghamr Avenue","","Nakhon Sawan","29810","175283210378","Nakhon Sawan","Thailand"
46,"1632 Bislig Avenue","","Nonthaburi","61117","471675840679","Pak Kret","Thailand"
90,"870 Ashqelon Loop","","Songkhla","84931","135117278909","Songkhla","Thailand"
349,"1516 Escobar Drive","","Tongatapu","46069","64536069371","Nukualofa","Tonga"
340,"507 Smolensk Loop","","Sousse","22971","80303246192","Sousse","Tunisia"
332,"663 Baha Blanca Parkway","","Adana","33463","834418779292","Adana","Turkey"
371,"1912 Emeishan Drive","","Balikesir","33050","99883471275","Balikesir","Turkey"
176,"29 Pyongyang Loop","","Batman","47753","734780743462","Batman","Turkey"
488,"698 Jelets Boulevard","","Denizli","2596","975185523021","Denizli","Turkey"
512,"1269 Ipoh Avenue","","Eskisehir","54674","402630109080","Eskisehir","Turkey"
485,"984 Novoterkassk Loop","","Gaziantep","28165","435118527255","Gaziantep","Turkey"
283,"457 Tongliao Loop","","Bursa","56254","880756161823","Inegl","Turkey"
147,"374 Bat Yam Boulevard","","Kilis","97700","923261616249","Kilis","Turkey"
128,"848 Tafuna Manor","","Ktahya","45142","614935229095","Ktahya","Turkey"
17,"270 Amroha Parkway","","Osmaniye","29610","695479687538","Osmaniye","Turkey"
524,"680 A Corua (La Corua) Manor","","Sivas","49806","158326114853","Sivas","Turkey"
498,"319 Plock Parkway","","Istanbul","26101","854259976812","Sultanbeyli","Turkey"
168,"842 Salzburg Lane","","Adana","3313","697151428760","Tarsus","Turkey"
572,"539 Hami Way","","Tokat","52196","525518075499","Tokat","Turkey"
208,"1215 Pyongyang Parkway","","Usak","25238","646237101779","Usak","Turkey"
204,"387 Mwene-Ditu Drive","","Ahal","8073","764477681869","Ashgabat","Turkmenistan"
109,"454 Nakhon Sawan Boulevard","","Funafuti","76383","963887147572","Funafuti","Tuvalu"
391,"1793 Meixian Place","","Hmelnytskyi","33535","619966287415","Kamjanets-Podilskyi","Ukraine"
551,"182 Nukualofa Drive","","Sumy","15414","426346224043","Konotop","Ukraine"
135,"1752 So Leopoldo Parkway","","Taka-Karpatia","14014","252265130067","Mukateve","Ukraine"
480,"421 Yaound Street","","Sumy","11363","726875628268","ostka","Ukraine"
86,"927 Baha Blanca Parkway","","Krim","9495","821972242086","Simferopol","Ukraine"
191,"140 Chiayi Parkway","","Sumy","38982","855863906434","Sumy","Ukraine"
457,"535 Ahmadnagar Manor","","Abu Dhabi","41136","985109775584","Abu Dhabi","United Arab Emirates"
102,"669 Firozabad Loop","","Abu Dhabi","92265","412903167998","al-Ayn","United Arab Emirates"
297,"1192 Tongliao Street","","Sharja","19065","350970907017","Sharja","United Arab Emirates"
89,"1557 Ktahya Boulevard","","England","88002","720998247660","Bradford","United Kingdom"
146,"483 Ljubertsy Parkway","","Scotland","60562","581174211853","Dundee","United Kingdom"
256,"1497 Yuzhou Drive","","England","3433","246810237916","London","United Kingdom"
517,"548 Uruapan Street","","Ontario","35653","879347453467","London","United Kingdom"
589,"1584 Ljubertsy Lane","","England","22954","285710089439","Southampton","United Kingdom"
20,"360 Toulouse Parkway","","England","54308","949312333307","Southend-on-Sea","United Kingdom"
562,"869 Shikarpur Way","","England","57380","590764256785","Southport","United Kingdom"
482,"808 Naala-Porto Parkway","","England","41060","553452430707","Stockport","United Kingdom"
502,"1515 Korla Way","","England","57197","959467760895","York","United Kingdom"
484,"98 Pyongyang Boulevard","","Ohio","88749","191958435142","Akron","United States"
310,"913 Coacalco de Berriozbal Loop","","Texas","42141","262088367001","Arlington","United States"
100,"1308 Arecibo Way","","Georgia","30695","6171054059","Augusta-Richmond County","United States"
335,"587 Benguela Manor","","Illinois","91590","165450987037","Aurora","United States"
543,"43 Vilnius Manor","","Colorado","79814","484500282381","Aurora","United States"
216,"660 Jedda Boulevard","","Washington","25053","168758068397","Bellevue","United States"
153,"782 Mosul Street","","Massachusetts","25545","885899703621","Brockton","United States"
532,"1427 Tabuk Place","","Florida","31342","214756839122","Cape Coral","United States"
18,"770 Bydgoszcz Avenue","","California","16266","517338314235","Citrus Heights","United States"
144,"1666 Beni-Mellal Place","","Tennessee","13377","9099941466","Clarksville","United States"
186,"533 al-Ayn Boulevard","","California","8862","662227486184","Compton","United States"
405,"530 Lausanne Lane","","Texas","11067","775235029633","Dallas","United States"
299,"32 Pudukkottai Lane","","Ohio","38834","967274728547","Dayton","United States"
425,"1866 al-Qatif Avenue","","California","89420","546793516940","El Monte","United States"
55,"1135 Izumisano Parkway","","California","48150","171822533480","Fontana","United States"
599,"1895 Zhezqazghan Drive","","California","36693","137809746111","Garden Grove","United States"
567,"1894 Boa Vista Way","","Texas","77464","239357986667","Garland","United States"
122,"333 Goinia Way","","Texas","78625","909029256431","Grand Prairie","United States"
162,"369 Papeete Way","","North Carolina","66639","170117068815","Greensboro","United States"
509,"786 Matsue Way","","Illinois","37469","111177206479","Joliet","United States"
313,"1191 Sungai Petani Boulevard","","Missouri","9668","983259819766","Kansas City","United States"
116,"793 Cam Ranh Avenue","","California","87057","824370924746","Lancaster","United States"
10,"1795 Santiago de Compostela Way","","Texas","18743","860452626434","Laredo","United States"
67,"1214 Hanoi Way","","Nebraska","67055","491001136577","Lincoln","United States"
387,"401 Sucre Boulevard","","New Hampshire","25007","486395999608","Manchester","United States"
185,"682 Garden Grove Place","","Tennessee","67497","72136330362","Memphis","United States"
280,"1980 Kamjanets-Podilskyi Street","","Illinois","89502","874337098891","Peoria","United States"
296,"1936 Cuman Avenue","","Virginia","61195","976798660411","Roanoke","United States"
462,"1485 Bratislava Place","","Illinois","83183","924663855568","Rockford","United States"
66,"1717 Guadalajara Lane","","Missouri","85505","914090181665","Saint Louis","United States"
274,"920 Kumbakonam Loop","","California","75090","685010736240","Salinas","United States"
6,"1121 Loja Avenue","","California","17886","838635286649","San Bernardino","United States"
150,"879 Newcastle Way","","Michigan","90732","206841104594","Sterling Heights","United States"
218,"226 Brest Manor","","California","2299","785881412500","Sunnyvale","United States"
252,"1309 Weifang Street","","Florida","57338","435785045362","Tallahassee","United States"
281,"1944 Bamenda Way","","Michigan","24645","75975221996","Warren","United States"
574,"502 Mandi Bahauddin Parkway","","Anzotegui","15992","618156722572","Barcelona","Venezuela"
115,"1378 Alvorada Avenue","","Distrito Federal","75834","272234298332","Caracas","Venezuela"
117,"1079 Tel Aviv-Jaffa Boulevard","","Sucre","10885","358178933857","Cuman","Venezuela"
458,"138 Caracas Boulevard","","Zulia","16790","974433019532","Maracabo","Venezuela"
178,"1848 Salala Boulevard","","Miranda","25220","48265851133","Ocumare del Tuy","Venezuela"
545,"163 Augusta-Richmond County Loop","","Carabobo","33030","754579047924","Valencia","Venezuela"
295,"544 Tarsus Boulevard","","Gurico","53145","892523334","Valle de la Pascua","Venezuela"
538,"1817 Livorno Way","","Khanh Hoa","79401","478380208348","Cam Ranh","Vietnam"
203,"1149 A Corua (La Corua) Boulevard","","Haiphong","95824","470884141195","Haiphong","Vietnam"
345,"68 Ponce Parkway","","Hanoi","85926","870635127812","Hanoi","Vietnam"
477,"1786 Salinas Place","","Nam Ha","66546","206060652238","Nam Dinh","Vietnam"
526,"617 Klerksdorp Place","","Khanh Hoa","94707","574973479129","Nha Trang","Vietnam"
529,"600 Purnea (Purnia) Avenue","","Nghe An","18043","638409958875","Vinh","Vietnam"
411,"264 Bhimavaram Manor","","St Thomas","54749","302526949177","Charlotte Amalie","Virgin Islands, U.S."
214,"751 Lima Loop","","Aden","99405","756460337785","Aden","Yemen"
475,"434 Ourense (Orense) Manor","","Hodeida","14122","562370137426","Hodeida","Yemen"
308,"687 Alessandria Parkway","","Sanaa","57587","407218522294","Sanaa","Yemen"
217,"1001 Miyakonojo Lane","","Taizz","67924","584316724815","Taizz","Yemen"
11,"900 Santiago de Compostela Parkway","","Central Serbia","93896","716571220373","Kragujevac","Yugoslavia"
559,"1917 Kumbakonam Parkway","","Vojvodina","11892","698182547686","Novi Sad","Yugoslavia"
443,"1836 Korla Parkway","","Copperbelt","55405","689681677428","Kitwe","Zambia"